URL,Lastmod,Changefreq,Priority
https://369.heymanifestation.com/,2025-03-19,daily,1.0
https://369.heymanifestation.com/about,2025-03-16,weekly,0.9
https://369.heymanifestation.com/community,2025-03-16,weekly,0.9
https://369.heymanifestation.com/founder_story,2025-03-16,weekly,0.9
https://369.heymanifestation.com/home,2025-03-16,weekly,0.9
https://369.heymanifestation.com/i18n-key-manager,2025-03-15,weekly,0.9
https://369.heymanifestation.com/i18n-key-scanner,2025-03-15,weekly,0.9
https://369.heymanifestation.com/i18n-key-updater,2025-03-15,weekly,0.9
https://369.heymanifestation.com/leaderboard,2025-03-16,weekly,0.9
https://369.heymanifestation.com/login,2025-03-16,weekly,0.9
https://369.heymanifestation.com/onboarding,2025-03-16,weekly,0.9
https://369.heymanifestation.com/paywall,2025-03-16,weekly,0.9
https://369.heymanifestation.com/privacy,2025-03-16,weekly,0.9
https://369.heymanifestation.com/profile,2025-03-16,weekly,0.9
https://369.heymanifestation.com/progress,2025-03-16,weekly,0.9
https://369.heymanifestation.com/register,2025-03-16,weekly,0.9
https://369.heymanifestation.com/statistics,2025-03-16,weekly,0.9
https://369.heymanifestation.com/terms,2025-03-16,weekly,0.9
https://369.heymanifestation.com/waitlist-thanks,2025-03-09,weekly,0.9
https://369.heymanifestation.com/wish_setting,2025-03-16,weekly,0.9
https://369.heymanifestation.com/writing_practice,2025-03-16,weekly,0.9